,Time (s),Memory (MB)
Filter,0.3115220069885254,0.31640625
GroupBy,1.286978006362915,0.1796875
Date Parse,2.0350749492645264,152.77734375
Complex Agg,6.317574501037598,172.078125
