Time (s),Memory (MB)
0.31188178062438965,0.328125
1.018883228302002,0.17578125
1.9430921077728271,0.1875
6.207973003387451,0.390625
