Operation,Time (s)
Filter,10.496091604232788
GroupBy,2.1124684810638428
Date Parse,1.7085041999816895
Complex Agg,3.1568241119384766
