Pandas (20M),Dask (100M)
20M,100M
0.3118817806243896,9.49748706817627
1.018883228302002,2.045926809310913
1.9430921077728271,2.825735330581665
6.207973003387451,3.124436855316162
9.48183012008667,17.49358606338501
