,Pandas (20M),Dask (100M)
Dataset,20M,100M
Filter,0.3115220069885254,10.496091604232788
GroupBy,1.286978006362915,2.1124684810638428
Date Parse,2.0350749492645264,1.7085041999816895
Complex Agg,6.317574501037598,3.1568241119384766
Total,9.951149463653564,17.473888397216797
