Size (M),Time (s),Throughput (K/s)
10.0,9.878075361251831,1012.3429549066244
20.000002,10.621240615844727,1883.0193875999828
30.0,11.569984197616577,2592.9162466946163
40.000001,12.268165111541748,3260.47136114662
49.999997,13.10101866722107,3816.4968900548693
59.999999,13.910708904266357,4313.22367630008
70.000004,15.290944814682007,4577.873038478802
79.999998,15.767895460128784,5073.60022789919
89.999996,17.266128540039062,5212.517432109676
100.0,17.56048321723938,5694.604115553526
