Time (s),Use Case
2.069646120071411,I/O bound
3.2213168144226074,CPU bound
2.485074520111084,Production
