Size (M),Time (s),Throughput (K/s)
10.0,9.676381349563599,1033.4441811195252
20.000002,10.321155309677124,1937.7677595111838
30.0,11.645147800445557,2576.180269592814
40.000001,12.5396089553833,3189.8922161227247
49.999997,13.35865831375122,3742.890627611209
59.999999,14.087651014328003,4259.049215442399
70.000004,14.896567821502686,4699.069264730724
79.999998,15.852025985717773,5046.6734076816265
89.999996,16.94139838218689,5312.4301766394265
100.0,17.35522985458374,5761.951920999116
