Join_Type,Time_s
Standard,0.47809863090515137
Broadcast,0.21368980407714844
