rank,maxIter,regParam,rmse,mae,train_time
15,15,0.1,0.47250774085337877,0.31535657092598857,235.75489139556885
10,20,0.1,0.47324616169908523,0.31613279534211347,238.94402623176575
15,20,0.1,0.47349446645360205,0.31639238244358014,303.4484510421753
