rank,maxIter,regParam,rmse,mae,train_time
15,15,0.1,0.47257601090012996,0.3153390149936384,251.47697234153748
10,20,0.1,0.473472228672529,0.316278276160208,229.47493767738342
15,20,0.1,0.4735723255265536,0.31638501210299436,328.20989537239075
