rank,maxIter,regParam,dev_rmse,prod_rmse,rmse_diff,dev_time,prod_time,time_factor
15.0,15.0,0.1,0.5217407636767282,0.47250774085337877,-0.049233022823349404,162.63418459892273,235.75489139556885,1.449602320551312
10.0,20.0,0.1,0.5230685313798404,0.47324616169908523,-0.04982236968075521,145.74309706687927,238.94402623176575,1.6394877770582712
15.0,20.0,0.1,0.5198042402865444,0.47349446645360205,-0.046309773832942325,211.70252227783203,303.4484510421753,1.4333719210200937
