rank,maxIter,regParam,dev_rmse,prod_rmse,rmse_diff,dev_time,prod_time,time_factor
15.0,15.0,0.1,0.5210793161859508,0.47257601090012996,-0.048503305285820864,162.5753309726715,251.47697234153748,1.5468335253385403
10.0,20.0,0.1,0.5217428547662304,0.473472228672529,-0.04827062609370136,147.1918387413025,229.47493767738342,1.55901943776039
15.0,20.0,0.1,0.5189878624793878,0.4735723255265536,-0.04541553695283418,214.46157598495483,328.20989537239075,1.530390205634858
