numTrees,maxDepth,accuracy,f1,train_time
70,10,0.997640942420964,0.9976458881351876,10.946937084197998
50,10,0.9976359338061466,0.9976396507240366,7.490876913070679
10,10,0.9975808390431542,0.9975889915925029,2.222142219543457
