numTrees,maxDepth,accuracy,f1,train_time
50,15,0.998373318430402,0.9983781610094924,16.63032817840576
50,20,0.9983633387888707,0.9983672767052056,26.785935878753662
50,10,0.9983633387888707,0.9983721667867052,9.8226637840271
