numTrees,maxDepth,dev_accuracy,prod_accuracy,accuracy_diff,dev_time,prod_time,time_factor
50.0,15.0,0.9988993671361033,0.998373318430402,-0.0005260487057012764,5.25356388092041,16.63032817840576,3.1655326851173977
50.0,20.0,0.9989243815193737,0.9983633387888707,-0.0005610427305029475,9.70163631439209,26.785935878753662,2.760970934255443
50.0,10.0,0.9989243815193737,0.9983633387888707,-0.0005610427305029475,3.193378448486328,9.8226637840271,3.0759472898312676
