numTrees,maxDepth,dev_accuracy,prod_accuracy,accuracy_diff,dev_time,prod_time,time_factor
70.0,10.0,0.9979591322532692,0.997640942420964,-0.000318189832305138,2.9489736557006836,10.946937084197998,3.7121176254105865
50.0,10.0,0.9979339363551614,0.9976359338061466,-0.0002980025490147975,2.17767333984375,7.490876913070679,3.439853340725637
10.0,10.0,0.9979591322532692,0.9975808390431542,-0.000378293210114955,1.0909767150878906,2.222142219543457,2.0368374400772047
