Join_Type,Time_s
Standard,0.3661041259765625
Broadcast,0.1641533374786377
